account_id,email,previous,current,forecast
362863965643,erich@bronzedrum.com,0.0,1.31930107,0.0
958221298220,erich.ej.best@me.com,0.0,1.18,0.0
346310308399,ejbest@alumni.rutgers.edu,1.5227175664,4.3759032191,1.6409352593606044
718556756217,erich.ej.best.fl@gmail.com,100.9814849901,60.2021952491,165.49882055874488
