account_id,email,previous,current,forecast
958221298220,erich.ej.best@me.com,0.0,1.14,0.0
362863965643,erich@bronzedrum.com,0.0,1.247043006,0.0
346310308399,ejbest@alumni.rutgers.edu,1.5227175664,4.2829033835,1.5966687179200827
718556756217,erich.ej.best.fl@gmail.com,100.9814849901,55.680345265,160.80771809803883
