account_id,email,previous,current,forecast
958221298220,erich.ej.best@me.com,0.0,1.1,0.0
362863965643,erich@bronzedrum.com,0.0,1.174784942,0.0
346310308399,ejbest@alumni.rutgers.edu,1.5227175664,4.1899143479,1.544010190930766
718556756217,erich.ej.best.fl@gmail.com,100.9814849901,51.0955811811,139.31319776524188
